-- phpMyAdmin SQL Dump
-- version 5.2.1
-- https://www.phpmyadmin.net/
--
-- Host: 127.0.0.1
-- Generation Time: Jul 12, 2026 at 04:26 PM
-- Server version: 10.4.32-MariaDB
-- PHP Version: 8.2.12

SET SQL_MODE = "NO_AUTO_VALUE_ON_ZERO";
START TRANSACTION;
SET time_zone = "+00:00";


/*!40101 SET @OLD_CHARACTER_SET_CLIENT=@@CHARACTER_SET_CLIENT */;
/*!40101 SET @OLD_CHARACTER_SET_RESULTS=@@CHARACTER_SET_RESULTS */;
/*!40101 SET @OLD_COLLATION_CONNECTION=@@COLLATION_CONNECTION */;
/*!40101 SET NAMES utf8mb4 */;

--
-- Database: `antrean_daptar_ulang`
--

-- --------------------------------------------------------

--
-- Table structure for table `antrian`
--

CREATE TABLE `antrian` (
  `id` int(10) UNSIGNED NOT NULL,
  `nomor_antrian` varchar(10) NOT NULL,
  `nama` varchar(100) NOT NULL,
  `jalur` varchar(50) NOT NULL,
  `status_antrian` enum('waiting','called','done') NOT NULL DEFAULT 'waiting',
  `current_loket` int(11) DEFAULT NULL,
  `created_at` timestamp NOT NULL DEFAULT current_timestamp(),
  `updated_at` timestamp NOT NULL DEFAULT current_timestamp() ON UPDATE current_timestamp()
) ENGINE=InnoDB DEFAULT CHARSET=utf8mb4 COLLATE=utf8mb4_general_ci;

--
-- Dumping data for table `antrian`
--

INSERT INTO `antrian` (`id`, `nomor_antrian`, `nama`, `jalur`, `status_antrian`, `current_loket`, `created_at`, `updated_at`) VALUES
(49, '001', 'Raini', 'Prestasi', 'done', 2, '2026-06-26 00:08:23', '2026-06-26 00:40:44'),
(50, '002', 'Kaila', 'Prestasi', 'called', 3, '2026-06-26 00:09:09', '2026-06-26 00:34:11'),
(51, '003', 'Rahajan', 'Prestasi', 'done', 1, '2026-06-26 00:09:55', '2026-06-26 00:53:43'),
(52, '004', 'M Firda', 'Prestasi', 'done', 1, '2026-06-26 00:30:42', '2026-06-26 00:53:41'),
(53, '005', 'Daffa', 'Mutasi/Anak Guru', 'called', 3, '2026-06-26 00:31:16', '2026-06-26 00:40:16'),
(54, '006', 'Gheisya', 'Prestasi', 'done', 2, '2026-06-26 00:31:52', '2026-06-26 00:53:54'),
(55, '007', 'Andra', 'Mutasi/Anak Guru', 'called', 3, '2026-06-26 00:32:27', '2026-06-26 00:42:14'),
(56, '008', 'Aida', 'Prestasi', 'done', 1, '2026-06-26 00:32:51', '2026-06-26 00:53:40'),
(57, '009', 'M Hafidz', 'Prestasi', 'called', 4, '2026-06-26 00:33:32', '2026-06-26 00:44:57'),
(58, '010', 'Kaila', 'Prestasi', 'called', 3, '2026-06-26 00:36:48', '2026-06-26 00:46:09'),
(59, '011', 'Frida', 'Prestasi', 'done', 2, '2026-06-26 00:37:58', '2026-06-26 00:58:22'),
(60, '012', 'Nadya', 'Mutasi/Anak Guru', 'called', 3, '2026-06-26 00:38:25', '2026-06-26 00:51:56'),
(61, '013', 'Permana', 'Prestasi', 'done', 2, '2026-06-26 00:42:39', '2026-06-26 00:58:28'),
(62, '014', 'Syahira', 'Prestasi', 'called', 4, '2026-06-26 00:49:42', '2026-06-26 00:55:37'),
(63, '015', 'M Firda', 'Prestasi', 'done', 5, '2026-06-26 00:50:58', '2026-06-26 01:07:02'),
(64, '016', 'Nuraini', 'Prestasi', 'called', 3, '2026-06-26 00:51:23', '2026-06-26 00:59:00'),
(65, '017', 'Zifa', 'Prestasi', 'done', 2, '2026-06-26 00:54:58', '2026-06-26 01:05:33'),
(66, '018', 'Gheisya', 'Prestasi', 'called', 4, '2026-06-26 00:55:43', '2026-06-26 01:03:16'),
(67, '019', 'Khansa', 'Prestasi', 'done', 1, '2026-06-26 00:56:03', '2026-06-26 01:13:43'),
(68, '020', 'Sultan', 'Prestasi', 'called', 3, '2026-06-26 01:05:43', '2026-06-26 01:06:10'),
(69, '021', 'M Fedran', 'Prestasi', 'called', 3, '2026-06-26 01:10:00', '2026-06-26 01:10:53'),
(70, '022', 'Permana', 'Prestasi', 'done', 5, '2026-06-26 01:11:30', '2026-06-26 07:35:00'),
(71, '023', 'M Lazuardi', 'Prestasi', 'done', 5, '2026-06-26 01:11:57', '2026-06-26 01:13:18'),
(72, '024', 'Rasyid', 'Prestasi', 'done', 2, '2026-06-26 01:15:45', '2026-06-26 01:23:21'),
(73, '025', 'Siti Z', 'Prestasi', 'done', 5, '2026-06-26 01:18:49', '2026-06-26 01:20:26'),
(74, '026', 'M Fadil', 'Prestasi', 'done', 1, '2026-06-26 01:19:08', '2026-06-26 01:28:47'),
(75, '027', 'Razkia', 'Prestasi', 'called', 3, '2026-06-26 01:23:04', '2026-06-26 01:23:23'),
(76, '028', 'Fikri', 'Prestasi', 'done', 2, '2026-06-26 01:23:24', '2026-06-26 01:32:02'),
(77, '029', 'Amanda', 'Mutasi/Anak Guru', 'called', 4, '2026-06-26 01:23:42', '2026-06-26 01:23:45'),
(78, '030', 'Kevin', 'Prestasi', 'called', 4, '2026-06-26 01:24:06', '2026-06-26 01:24:11'),
(79, '031', 'Amanda', 'Mutasi/Anak Guru', 'done', 1, '2026-06-26 01:25:48', '2026-06-26 01:28:55'),
(80, '032', 'Elfrida', 'Prestasi', 'called', 3, '2026-06-26 01:26:12', '2026-06-26 01:30:34'),
(81, '033', 'Sarah', 'Mutasi/Anak Guru', 'called', 3, '2026-06-26 01:26:36', '2026-06-26 01:30:44'),
(82, '034', 'Kafa', 'Prestasi', 'called', 3, '2026-06-26 01:26:59', '2026-06-26 01:30:49'),
(83, '035', 'Arzelina', 'Prestasi', 'called', 3, '2026-06-26 01:30:23', '2026-06-26 01:30:55'),
(84, '036', 'Imanuel', 'Prestasi', 'called', 4, '2026-06-26 01:31:40', '2026-06-26 01:31:40'),
(85, '037', 'Andika', 'Prestasi', 'done', 2, '2026-06-26 01:32:00', '2026-06-26 01:47:54'),
(86, '038', 'Ningtyas', 'Prestasi', 'called', 4, '2026-06-26 01:32:29', '2026-06-26 01:32:32'),
(87, '039', 'M Gilang', 'Prestasi', 'done', 5, '2026-06-26 01:34:28', '2026-06-26 01:57:01'),
(88, '040', 'Mario', 'Prestasi', 'called', 4, '2026-06-26 01:36:37', '2026-06-26 01:40:59'),
(89, '041', 'Kalisa', 'Prestasi', 'called', 4, '2026-06-26 01:39:55', '2026-06-26 01:41:01'),
(90, '042', 'Zilzal', 'Prestasi', 'called', 3, '2026-06-26 01:41:39', '2026-06-26 01:43:33'),
(91, '043', 'M Ramdan', 'Prestasi', 'done', 5, '2026-06-26 01:42:51', '2026-06-26 01:48:36'),
(92, '044', 'Elda', 'Prestasi', 'done', 2, '2026-06-26 01:45:56', '2026-06-26 02:00:29'),
(93, '045', 'Bayu', 'Prestasi', 'called', 3, '2026-06-26 01:46:13', '2026-06-26 01:48:44'),
(94, '046', 'Rija', 'Prestasi', 'done', 1, '2026-06-26 01:47:47', '2026-06-26 01:58:57'),
(95, '047', 'Nakeisha', 'Prestasi', 'done', 5, '2026-06-26 01:51:42', '2026-06-26 01:52:56'),
(96, '048', 'Aya', 'Prestasi', 'done', 5, '2026-06-26 01:54:55', '2026-06-26 02:02:14'),
(97, '049', 'Awanis', 'Prestasi', 'called', 3, '2026-06-26 01:56:35', '2026-06-26 01:57:42'),
(98, '050', 'Gerhan', 'Prestasi', 'done', 1, '2026-06-26 01:57:36', '2026-06-26 02:31:46'),
(99, '051', 'M Husni', 'Mutasi/Anak Guru', 'done', 2, '2026-06-26 01:58:54', '2026-06-26 02:20:26'),
(100, '052', 'Gustian', 'Prestasi', 'done', 5, '2026-06-26 02:06:38', '2026-06-26 02:07:24'),
(101, '053', 'Amirul Hasan', 'Prestasi', 'called', 3, '2026-06-26 02:11:07', '2026-06-26 02:12:35'),
(102, '054', 'Faiz', 'Mutasi/Anak Guru', 'done', 5, '2026-06-26 02:12:08', '2026-06-26 02:14:38'),
(103, '055', 'M Alfath', 'Prestasi', 'called', 4, '2026-06-26 02:12:44', '2026-06-26 02:13:46'),
(104, '056', 'Fathimah', 'Prestasi', 'done', 2, '2026-06-26 02:25:57', '2026-06-26 02:32:10'),
(105, '057', 'Fawad', 'Prestasi', 'done', 1, '2026-06-26 02:30:10', '2026-06-26 02:40:24'),
(106, '058', 'Hasna', 'Prestasi', 'done', 2, '2026-06-26 02:30:34', '2026-06-26 02:45:53'),
(107, '059', 'Fatia', 'Mutasi/Anak Guru', 'called', 3, '2026-06-26 02:36:07', '2026-06-26 02:36:28'),
(108, '060', 'Naila', 'Prestasi', 'done', 5, '2026-06-26 02:37:01', '2026-06-26 02:38:14'),
(109, '061', 'Qlaisa', 'Prestasi', 'done', 1, '2026-06-26 02:39:35', '2026-06-26 02:52:43'),
(110, '062', 'M Yaseer', 'Prestasi', 'done', 5, '2026-06-26 02:40:24', '2026-06-26 02:44:47'),
(111, '063', 'M Algian', 'Prestasi', 'called', 4, '2026-06-26 02:41:54', '2026-06-26 02:44:17'),
(112, '064', 'Khanza', 'Prestasi', 'called', 4, '2026-06-26 02:42:45', '2026-06-26 02:44:21'),
(113, '065', 'nur annisa', 'Prestasi', 'done', 2, '2026-06-26 02:44:59', '2026-06-26 03:07:35'),
(114, '066', 'Rasya', 'Prestasi', 'called', 3, '2026-06-26 02:49:09', '2026-06-26 02:49:40'),
(115, '067', 'nyayu', 'Prestasi', 'done', 5, '2026-06-26 02:50:51', '2026-06-26 03:00:34'),
(116, '068', 'salsabila', 'Prestasi', 'done', 1, '2026-06-26 02:52:26', '2026-06-26 03:05:23'),
(117, '069', 'krisna', 'Prestasi', 'called', 3, '2026-06-26 03:04:05', '2026-06-26 03:04:21'),
(118, '070', 'revan', 'Prestasi', 'done', 1, '2026-06-26 03:04:32', '2026-06-26 03:15:39'),
(119, '071', 'arya', 'Prestasi', 'called', 4, '2026-06-26 03:04:53', '2026-06-26 03:06:05'),
(120, '072', 'anindya', 'Prestasi', 'done', 5, '2026-06-26 03:05:19', '2026-06-26 06:05:56'),
(121, '073', 'Husna', 'Prestasi', 'done', 2, '2026-06-26 03:14:30', '2026-06-26 03:23:16'),
(122, '074', 'Evano', 'Prestasi', 'called', 3, '2026-06-26 03:15:11', '2026-06-26 03:15:52'),
(123, '075', 'M Nizam', 'Prestasi', 'done', 1, '2026-06-26 03:15:50', '2026-06-26 03:44:51'),
(124, '076', 'agus rivaldo', 'Prestasi', 'called', 4, '2026-06-26 03:19:07', '2026-06-26 03:19:54'),
(125, '077', 'razzi', 'Prestasi', 'done', 5, '2026-06-26 03:21:42', '2026-06-26 03:29:40'),
(126, '078', 'calisya', 'Prestasi', 'done', 2, '2026-06-26 03:29:39', '2026-06-26 03:38:34'),
(127, '079', 'Hasna', 'Prestasi', 'called', 4, '2026-06-26 03:33:03', '2026-06-26 03:33:31'),
(128, '080', 'Karina', 'Prestasi', 'done', 5, '2026-06-26 03:34:16', '2026-06-26 03:41:54'),
(129, '081', 'Aqila', 'Prestasi', 'called', 4, '2026-06-26 03:35:39', '2026-06-26 03:35:46'),
(130, '082', 'Rahma', 'Prestasi', 'done', 2, '2026-06-26 03:40:49', '2026-06-26 03:48:24'),
(131, '083', 'Ilma', 'Prestasi', 'called', 4, '2026-06-26 03:44:05', '2026-06-26 03:44:46'),
(132, '084', 'Syafira', 'Prestasi', 'done', 1, '2026-06-26 03:46:45', '2026-06-26 03:55:38'),
(133, '085', 'Salitsa', 'Prestasi', 'called', 4, '2026-06-26 03:48:54', '2026-06-26 03:49:08'),
(134, '086', 'Alya', 'Prestasi', 'called', 3, '2026-06-26 03:51:34', '2026-06-26 03:52:02'),
(135, '087', 'M Daffa', 'Mutasi/Anak Guru', 'done', 5, '2026-06-26 03:52:21', '2026-06-26 03:54:16'),
(136, '088', 'Imora', 'Prestasi', 'done', 2, '2026-06-26 03:52:50', '2026-06-26 03:56:27'),
(137, '089', 'Rani', 'Prestasi', 'done', 2, '2026-06-26 03:53:10', '2026-06-26 04:02:04'),
(138, '090', 'M Haris', 'Prestasi', 'called', 3, '2026-06-26 03:59:35', '2026-06-26 03:59:57'),
(139, '091', 'M Sufi', 'Prestasi', 'done', 5, '2026-06-26 04:00:11', '2026-06-26 04:07:38'),
(140, '092', 'M Zaki', 'Prestasi', 'called', 4, '2026-06-26 04:01:41', '2026-06-26 04:02:04'),
(141, '093', 'raisya', 'Prestasi', 'done', 1, '2026-06-26 05:56:43', '2026-06-26 06:08:35'),
(142, '094', 'adila', 'Prestasi', 'done', 2, '2026-06-26 05:57:22', '2026-06-26 06:06:25'),
(143, '095', 'rifka', 'Prestasi', 'done', 2, '2026-06-26 05:57:44', '2026-06-26 06:07:06'),
(144, '096', 'ayesha', 'Prestasi', 'done', 2, '2026-06-26 05:58:05', '2026-06-26 06:07:08'),
(145, '097', 'sifa', 'Prestasi', 'done', 2, '2026-06-26 05:58:26', '2026-06-26 06:07:19'),
(146, '098', 'Melvina', 'Prestasi', 'done', 5, '2026-06-26 06:00:48', '2026-06-26 06:07:35'),
(147, '099', 'erlangga', 'Mutasi/Anak Guru', 'done', 2, '2026-06-26 06:01:13', '2026-06-26 06:12:45'),
(148, '100', 'anisa', 'Mutasi/Anak Guru', 'done', 1, '2026-06-26 06:07:35', '2026-06-26 06:17:32'),
(149, '101', 'arimbi', 'Prestasi', 'done', 2, '2026-06-26 06:08:02', '2026-06-26 06:17:52'),
(150, '102', 'helda', 'Prestasi', 'called', 3, '2026-06-26 06:10:54', '2026-06-26 06:14:50'),
(151, '103', 'Ghazam', 'Prestasi', 'called', 4, '2026-06-26 06:12:29', '2026-06-26 06:15:13'),
(152, '104', 'M Ghassan', 'Prestasi', 'done', 1, '2026-06-26 06:15:04', '2026-06-26 06:37:24'),
(153, '105', 'M Azkha', 'Prestasi', 'done', 2, '2026-06-26 06:16:44', '2026-06-26 06:29:01'),
(154, '106', 'M Fadil', 'Prestasi', 'done', 5, '2026-06-26 06:25:44', '2026-06-26 06:31:58'),
(155, '107', 'Sabrina', 'Prestasi', 'called', 3, '2026-06-26 06:31:22', '2026-06-26 06:31:41'),
(156, '108', 'M Zaki', 'Mutasi/Anak Guru', 'called', 4, '2026-06-26 06:31:47', '2026-06-26 06:32:07'),
(157, '109', 'Alifa', 'Mutasi/Anak Guru', 'done', 2, '2026-06-26 06:34:26', '2026-06-26 06:40:04'),
(158, '110', 'M Fairuz', 'Prestasi', 'done', 1, '2026-06-26 06:42:43', '2026-06-26 06:57:37'),
(159, '111', 'Rina', 'Prestasi', 'done', 1, '2026-06-26 06:57:04', '2026-06-26 07:11:01'),
(160, '112', 'Dinda', 'Prestasi', 'done', 2, '2026-06-26 06:57:32', '2026-06-26 07:05:14'),
(161, '113', 'Mustika', 'Prestasi', 'called', 3, '2026-06-26 07:00:04', '2026-06-26 07:00:20'),
(162, '114', 'fayra', 'Prestasi', 'done', 2, '2026-06-26 07:10:25', '2026-06-26 07:19:31'),
(163, '115', 'M Naufal', 'Prestasi', 'done', 2, '2026-06-26 07:26:01', '2026-06-26 07:39:39'),
(164, '116', 'Anindya', 'Prestasi', 'done', 2, '2026-06-26 07:32:11', '2026-06-26 07:39:45');

-- --------------------------------------------------------

--
-- Table structure for table `panggilan_antrian`
--

CREATE TABLE `panggilan_antrian` (
  `id` int(10) UNSIGNED NOT NULL,
  `antrian_id` int(10) UNSIGNED NOT NULL,
  `nomor_antrian` varchar(10) NOT NULL,
  `loket_id` int(11) NOT NULL,
  `status` enum('called','repeat') NOT NULL DEFAULT 'called',
  `created_at` timestamp NOT NULL DEFAULT current_timestamp()
) ENGINE=InnoDB DEFAULT CHARSET=utf8mb4 COLLATE=utf8mb4_general_ci;

--
-- Dumping data for table `panggilan_antrian`
--

INSERT INTO `panggilan_antrian` (`id`, `antrian_id`, `nomor_antrian`, `loket_id`, `status`, `created_at`) VALUES
(78, 49, '001', 2, 'called', '2026-06-26 00:31:52'),
(79, 50, '002', 3, 'called', '2026-06-26 00:34:11'),
(80, 51, '003', 1, 'called', '2026-06-26 00:34:11'),
(81, 50, '002', 3, 'repeat', '2026-06-26 00:34:20'),
(82, 50, '002', 3, 'repeat', '2026-06-26 00:34:26'),
(83, 52, '004', 1, 'called', '2026-06-26 00:34:31'),
(84, 53, '005', 3, 'called', '2026-06-26 00:40:16'),
(85, 54, '006', 2, 'called', '2026-06-26 00:40:47'),
(86, 55, '007', 3, 'called', '2026-06-26 00:42:14'),
(87, 55, '007', 3, 'repeat', '2026-06-26 00:42:26'),
(88, 56, '008', 1, 'called', '2026-06-26 00:42:51'),
(89, 57, '009', 4, 'called', '2026-06-26 00:44:57'),
(90, 57, '009', 4, 'repeat', '2026-06-26 00:45:12'),
(91, 58, '010', 3, 'called', '2026-06-26 00:46:09'),
(92, 58, '010', 3, 'repeat', '2026-06-26 00:46:16'),
(93, 58, '010', 3, 'repeat', '2026-06-26 00:46:36'),
(94, 58, '010', 3, 'repeat', '2026-06-26 00:46:38'),
(95, 59, '011', 2, 'called', '2026-06-26 00:46:53'),
(96, 60, '012', 3, 'called', '2026-06-26 00:51:56'),
(97, 60, '012', 3, 'repeat', '2026-06-26 00:52:07'),
(98, 61, '013', 2, 'called', '2026-06-26 00:53:58'),
(99, 57, '009', 4, 'repeat', '2026-06-26 00:55:23'),
(100, 57, '009', 4, 'repeat', '2026-06-26 00:55:29'),
(101, 57, '009', 4, 'repeat', '2026-06-26 00:55:31'),
(102, 62, '014', 4, 'called', '2026-06-26 00:55:37'),
(103, 63, '015', 5, 'called', '2026-06-26 00:56:34'),
(104, 63, '015', 5, 'repeat', '2026-06-26 00:58:18'),
(105, 64, '016', 3, 'called', '2026-06-26 00:59:00'),
(106, 65, '017', 2, 'called', '2026-06-26 00:59:41'),
(107, 66, '018', 4, 'called', '2026-06-26 01:03:16'),
(108, 67, '019', 1, 'called', '2026-06-26 01:03:45'),
(109, 68, '020', 3, 'called', '2026-06-26 01:06:10'),
(110, 69, '021', 3, 'called', '2026-06-26 01:10:53'),
(111, 70, '022', 5, 'called', '2026-06-26 01:12:31'),
(112, 71, '023', 5, 'called', '2026-06-26 01:12:54'),
(113, 72, '024', 2, 'called', '2026-06-26 01:16:18'),
(114, 72, '024', 2, 'repeat', '2026-06-26 01:16:39'),
(115, 69, '021', 3, 'repeat', '2026-06-26 01:17:55'),
(116, 69, '021', 3, 'repeat', '2026-06-26 01:18:00'),
(117, 73, '025', 5, 'called', '2026-06-26 01:18:52'),
(118, 74, '026', 1, 'called', '2026-06-26 01:19:10'),
(119, 73, '025', 5, 'repeat', '2026-06-26 01:19:55'),
(120, 75, '027', 3, 'called', '2026-06-26 01:23:23'),
(121, 76, '028', 2, 'called', '2026-06-26 01:23:28'),
(122, 77, '029', 4, 'called', '2026-06-26 01:23:45'),
(123, 78, '030', 4, 'called', '2026-06-26 01:24:11'),
(124, 78, '030', 4, 'repeat', '2026-06-26 01:24:20'),
(125, 70, '022', 5, 'repeat', '2026-06-26 01:26:41'),
(126, 70, '022', 5, 'repeat', '2026-06-26 01:26:53'),
(127, 70, '022', 5, 'repeat', '2026-06-26 01:27:35'),
(128, 70, '022', 5, 'repeat', '2026-06-26 01:28:42'),
(129, 70, '022', 5, 'repeat', '2026-06-26 01:28:46'),
(130, 79, '031', 1, 'called', '2026-06-26 01:28:48'),
(131, 70, '022', 5, 'repeat', '2026-06-26 01:28:55'),
(132, 70, '022', 5, 'repeat', '2026-06-26 01:29:02'),
(133, 70, '022', 5, 'repeat', '2026-06-26 01:29:09'),
(134, 80, '032', 3, 'called', '2026-06-26 01:30:34'),
(135, 81, '033', 3, 'called', '2026-06-26 01:30:44'),
(136, 82, '034', 3, 'called', '2026-06-26 01:30:49'),
(137, 83, '035', 3, 'called', '2026-06-26 01:30:55'),
(138, 78, '030', 4, 'repeat', '2026-06-26 01:31:34'),
(139, 84, '036', 4, 'called', '2026-06-26 01:31:40'),
(140, 85, '037', 2, 'called', '2026-06-26 01:32:06'),
(141, 86, '038', 4, 'called', '2026-06-26 01:32:32'),
(142, 70, '022', 5, 'repeat', '2026-06-26 01:39:33'),
(143, 87, '039', 5, 'called', '2026-06-26 01:40:47'),
(144, 88, '040', 4, 'called', '2026-06-26 01:40:59'),
(145, 89, '041', 4, 'called', '2026-06-26 01:41:01'),
(146, 90, '042', 3, 'called', '2026-06-26 01:43:33'),
(147, 87, '039', 5, 'repeat', '2026-06-26 01:46:49'),
(148, 87, '039', 5, 'repeat', '2026-06-26 01:47:01'),
(149, 87, '039', 5, 'repeat', '2026-06-26 01:47:16'),
(150, 91, '043', 5, 'called', '2026-06-26 01:47:25'),
(151, 92, '044', 2, 'called', '2026-06-26 01:47:56'),
(152, 93, '045', 3, 'called', '2026-06-26 01:48:44'),
(153, 94, '046', 1, 'called', '2026-06-26 01:49:00'),
(154, 95, '047', 5, 'called', '2026-06-26 01:52:18'),
(155, 96, '048', 5, 'called', '2026-06-26 01:57:09'),
(156, 97, '049', 3, 'called', '2026-06-26 01:57:42'),
(157, 97, '049', 3, 'repeat', '2026-06-26 01:57:50'),
(158, 98, '050', 1, 'called', '2026-06-26 01:58:58'),
(159, 99, '051', 2, 'called', '2026-06-26 02:00:32'),
(160, 70, '022', 5, 'repeat', '2026-06-26 02:02:33'),
(161, 100, '052', 5, 'called', '2026-06-26 02:07:00'),
(162, 101, '053', 3, 'called', '2026-06-26 02:12:35'),
(163, 101, '053', 3, 'repeat', '2026-06-26 02:12:45'),
(164, 101, '053', 3, 'repeat', '2026-06-26 02:12:58'),
(165, 102, '054', 5, 'called', '2026-06-26 02:13:45'),
(166, 103, '055', 4, 'called', '2026-06-26 02:13:46'),
(167, 103, '055', 4, 'repeat', '2026-06-26 02:14:02'),
(168, 104, '056', 2, 'called', '2026-06-26 02:26:30'),
(169, 105, '057', 1, 'called', '2026-06-26 02:31:47'),
(170, 106, '058', 2, 'called', '2026-06-26 02:32:14'),
(171, 107, '059', 3, 'called', '2026-06-26 02:36:28'),
(172, 107, '059', 3, 'repeat', '2026-06-26 02:36:35'),
(173, 108, '060', 5, 'called', '2026-06-26 02:37:48'),
(174, 109, '061', 1, 'called', '2026-06-26 02:40:26'),
(175, 103, '055', 4, 'repeat', '2026-06-26 02:43:59'),
(176, 110, '062', 5, 'called', '2026-06-26 02:44:15'),
(177, 103, '055', 4, 'repeat', '2026-06-26 02:44:15'),
(178, 111, '063', 4, 'called', '2026-06-26 02:44:17'),
(179, 112, '064', 4, 'called', '2026-06-26 02:44:21'),
(180, 110, '062', 5, 'repeat', '2026-06-26 02:44:29'),
(181, 113, '065', 2, 'called', '2026-06-26 02:45:58'),
(182, 114, '066', 3, 'called', '2026-06-26 02:49:40'),
(183, 114, '066', 3, 'repeat', '2026-06-26 02:49:45'),
(184, 115, '067', 5, 'called', '2026-06-26 02:52:30'),
(185, 115, '067', 5, 'repeat', '2026-06-26 02:52:42'),
(186, 116, '068', 1, 'called', '2026-06-26 02:52:50'),
(187, 117, '069', 3, 'called', '2026-06-26 03:04:21'),
(188, 117, '069', 3, 'repeat', '2026-06-26 03:04:27'),
(189, 118, '070', 1, 'called', '2026-06-26 03:05:24'),
(190, 119, '071', 4, 'called', '2026-06-26 03:06:05'),
(191, 119, '071', 4, 'repeat', '2026-06-26 03:06:12'),
(192, 120, '072', 5, 'called', '2026-06-26 03:06:31'),
(193, 119, '071', 4, 'repeat', '2026-06-26 03:12:36'),
(194, 121, '073', 2, 'called', '2026-06-26 03:15:03'),
(195, 122, '074', 3, 'called', '2026-06-26 03:15:52'),
(196, 123, '075', 1, 'called', '2026-06-26 03:16:01'),
(197, 123, '075', 1, 'repeat', '2026-06-26 03:16:05'),
(198, 122, '074', 3, 'repeat', '2026-06-26 03:16:06'),
(199, 119, '071', 4, 'repeat', '2026-06-26 03:19:53'),
(200, 124, '076', 4, 'called', '2026-06-26 03:19:54'),
(201, 125, '077', 5, 'called', '2026-06-26 03:23:00'),
(202, 126, '078', 2, 'called', '2026-06-26 03:29:56'),
(203, 127, '079', 4, 'called', '2026-06-26 03:33:31'),
(204, 128, '080', 5, 'called', '2026-06-26 03:34:30'),
(205, 129, '081', 4, 'called', '2026-06-26 03:35:46'),
(206, 129, '081', 4, 'repeat', '2026-06-26 03:35:52'),
(207, 130, '082', 2, 'called', '2026-06-26 03:41:20'),
(208, 130, '082', 2, 'repeat', '2026-06-26 03:41:50'),
(209, 129, '081', 4, 'repeat', '2026-06-26 03:44:45'),
(210, 131, '083', 4, 'called', '2026-06-26 03:44:46'),
(211, 132, '084', 1, 'called', '2026-06-26 03:47:02'),
(212, 133, '085', 4, 'called', '2026-06-26 03:49:08'),
(213, 133, '085', 4, 'repeat', '2026-06-26 03:49:14'),
(214, 134, '086', 3, 'called', '2026-06-26 03:52:02'),
(215, 134, '086', 3, 'repeat', '2026-06-26 03:52:08'),
(216, 135, '087', 5, 'called', '2026-06-26 03:53:10'),
(217, 136, '088', 2, 'called', '2026-06-26 03:53:30'),
(218, 137, '089', 2, 'called', '2026-06-26 03:56:30'),
(219, 138, '090', 3, 'called', '2026-06-26 03:59:57'),
(220, 138, '090', 3, 'repeat', '2026-06-26 04:00:05'),
(221, 138, '090', 3, 'repeat', '2026-06-26 04:00:21'),
(222, 139, '091', 5, 'called', '2026-06-26 04:00:32'),
(223, 133, '085', 4, 'repeat', '2026-06-26 04:02:02'),
(224, 140, '092', 4, 'called', '2026-06-26 04:02:04'),
(225, 140, '092', 4, 'repeat', '2026-06-26 04:02:07'),
(226, 141, '093', 1, 'called', '2026-06-26 05:57:18'),
(227, 141, '093', 1, 'repeat', '2026-06-26 05:57:47'),
(228, 142, '094', 2, 'called', '2026-06-26 05:58:47'),
(229, 143, '095', 2, 'called', '2026-06-26 05:58:52'),
(230, 144, '096', 2, 'called', '2026-06-26 05:59:03'),
(231, 145, '097', 2, 'called', '2026-06-26 05:59:05'),
(232, 146, '098', 5, 'called', '2026-06-26 06:06:08'),
(233, 146, '098', 5, 'repeat', '2026-06-26 06:06:22'),
(234, 146, '098', 5, 'repeat', '2026-06-26 06:06:40'),
(235, 146, '098', 5, 'repeat', '2026-06-26 06:06:45'),
(236, 146, '098', 5, 'repeat', '2026-06-26 06:06:58'),
(237, 146, '098', 5, 'repeat', '2026-06-26 06:07:07'),
(238, 147, '099', 2, 'called', '2026-06-26 06:07:36'),
(239, 148, '100', 1, 'called', '2026-06-26 06:08:36'),
(240, 148, '100', 1, 'repeat', '2026-06-26 06:08:44'),
(241, 148, '100', 1, 'repeat', '2026-06-26 06:08:53'),
(242, 149, '101', 2, 'called', '2026-06-26 06:12:49'),
(243, 149, '101', 2, 'repeat', '2026-06-26 06:12:58'),
(244, 150, '102', 3, 'called', '2026-06-26 06:14:50'),
(245, 150, '102', 3, 'repeat', '2026-06-26 06:14:56'),
(246, 151, '103', 4, 'called', '2026-06-26 06:15:13'),
(247, 152, '104', 1, 'called', '2026-06-26 06:17:35'),
(248, 152, '104', 1, 'repeat', '2026-06-26 06:17:42'),
(249, 153, '105', 2, 'called', '2026-06-26 06:17:56'),
(250, 150, '102', 3, 'repeat', '2026-06-26 06:19:55'),
(251, 150, '102', 3, 'repeat', '2026-06-26 06:24:57'),
(252, 150, '102', 3, 'repeat', '2026-06-26 06:25:11'),
(253, 154, '106', 5, 'called', '2026-06-26 06:25:44'),
(254, 154, '106', 5, 'repeat', '2026-06-26 06:26:02'),
(255, 155, '107', 3, 'called', '2026-06-26 06:31:41'),
(256, 155, '107', 3, 'repeat', '2026-06-26 06:31:47'),
(257, 156, '108', 4, 'called', '2026-06-26 06:32:07'),
(258, 157, '109', 2, 'called', '2026-06-26 06:34:41'),
(259, 157, '109', 2, 'repeat', '2026-06-26 06:34:49'),
(260, 158, '110', 1, 'called', '2026-06-26 06:43:17'),
(261, 158, '110', 1, 'repeat', '2026-06-26 06:43:23'),
(262, 159, '111', 1, 'called', '2026-06-26 06:57:39'),
(263, 160, '112', 2, 'called', '2026-06-26 06:57:42'),
(264, 159, '111', 1, 'repeat', '2026-06-26 06:57:47'),
(265, 155, '107', 3, 'repeat', '2026-06-26 06:59:53'),
(266, 161, '113', 3, 'called', '2026-06-26 07:00:20'),
(267, 162, '114', 2, 'called', '2026-06-26 07:10:46'),
(268, 70, '022', 5, 'repeat', '2026-06-26 07:28:16'),
(269, 70, '022', 5, 'repeat', '2026-06-26 07:29:30'),
(270, 70, '022', 5, 'repeat', '2026-06-26 07:29:43'),
(271, 163, '115', 2, 'called', '2026-06-26 07:32:28'),
(272, 163, '115', 2, 'repeat', '2026-06-26 07:32:55'),
(273, 163, '115', 2, 'repeat', '2026-06-26 07:33:01'),
(274, 163, '115', 2, 'repeat', '2026-06-26 07:33:11'),
(275, 164, '116', 2, 'called', '2026-06-26 07:33:24'),
(276, 70, '022', 5, 'repeat', '2026-06-26 07:34:46');

-- --------------------------------------------------------

--
-- Table structure for table `users`
--

CREATE TABLE `users` (
  `id` int(10) UNSIGNED NOT NULL,
  `nama` varchar(100) NOT NULL,
  `username` varchar(50) NOT NULL,
  `password` varchar(255) NOT NULL,
  `role` enum('admin','petugas') NOT NULL,
  `loket` int(11) DEFAULT NULL,
  `created_at` timestamp NOT NULL DEFAULT current_timestamp()
) ENGINE=InnoDB DEFAULT CHARSET=utf8mb4 COLLATE=utf8mb4_general_ci;

--
-- Dumping data for table `users`
--

INSERT INTO `users` (`id`, `nama`, `username`, `password`, `role`, `loket`, `created_at`) VALUES
(1, 'Admin', 'admin', '$2y$10$V/lmJRDfd.vEIHilmKQumulPH47sjzmt5aGifS2BzF6Gk1JRdj4Tq', 'admin', NULL, '2026-06-20 18:57:04'),
(2, 'Petugas 1', 'petugas1', '$2y$10$PYDdYJjl/.vHGiMwT18rMeb9ixDsEBvlvQ4WQTDFJ3Hq4K4BnR/OO', 'petugas', 1, '2026-06-20 18:57:04'),
(3, 'Petugas 2', 'petugas2', '$2y$10$i/nb6zj37drqa7oEjvf2seHV28OTshRV6Ss6LPlMFVngZqRjeco.m', 'petugas', 2, '2026-06-20 18:57:05'),
(4, 'Petugas 3', 'petugas3', '$2y$10$C2ZGnJqjwl1jmjSsOpU/Lexy.AB3.VXGNmoChtapffeR9m2Fc4H8y', 'petugas', 3, '2026-06-20 18:57:05'),
(5, 'Petugas 4', 'petugas4', '$2y$10$jeF8g/8.jnwpF4BBpR4Jfu26KvF.l5buG.o8yJKGkNSaS4CIRxnly', 'petugas', 4, '2026-06-20 18:57:05'),
(6, 'Petugas 5', 'petugas5', '$2y$10$fIXrapOlBTvNwHewd8jHi.koCcvuHEtq.azElU9.DH1G1rXHlnEUa', 'petugas', 5, '2026-06-20 18:57:05');

--
-- Indexes for dumped tables
--

--
-- Indexes for table `antrian`
--
ALTER TABLE `antrian`
  ADD PRIMARY KEY (`id`),
  ADD KEY `idx_status_antrian` (`status_antrian`),
  ADD KEY `idx_current_loket` (`current_loket`),
  ADD KEY `idx_created_at` (`created_at`);

--
-- Indexes for table `panggilan_antrian`
--
ALTER TABLE `panggilan_antrian`
  ADD PRIMARY KEY (`id`),
  ADD KEY `idx_antrian_id` (`antrian_id`),
  ADD KEY `idx_loket_id` (`loket_id`),
  ADD KEY `idx_created_at` (`created_at`);

--
-- Indexes for table `users`
--
ALTER TABLE `users`
  ADD PRIMARY KEY (`id`),
  ADD UNIQUE KEY `username` (`username`);

--
-- AUTO_INCREMENT for dumped tables
--

--
-- AUTO_INCREMENT for table `antrian`
--
ALTER TABLE `antrian`
  MODIFY `id` int(10) UNSIGNED NOT NULL AUTO_INCREMENT, AUTO_INCREMENT=165;

--
-- AUTO_INCREMENT for table `panggilan_antrian`
--
ALTER TABLE `panggilan_antrian`
  MODIFY `id` int(10) UNSIGNED NOT NULL AUTO_INCREMENT, AUTO_INCREMENT=277;

--
-- AUTO_INCREMENT for table `users`
--
ALTER TABLE `users`
  MODIFY `id` int(10) UNSIGNED NOT NULL AUTO_INCREMENT, AUTO_INCREMENT=7;

--
-- Constraints for dumped tables
--

--
-- Constraints for table `panggilan_antrian`
--
ALTER TABLE `panggilan_antrian`
  ADD CONSTRAINT `fk_panggilan_antrian_antrian` FOREIGN KEY (`antrian_id`) REFERENCES `antrian` (`id`) ON DELETE CASCADE ON UPDATE CASCADE;
COMMIT;

/*!40101 SET CHARACTER_SET_CLIENT=@OLD_CHARACTER_SET_CLIENT */;
/*!40101 SET CHARACTER_SET_RESULTS=@OLD_CHARACTER_SET_RESULTS */;
/*!40101 SET COLLATION_CONNECTION=@OLD_COLLATION_CONNECTION */;
